"Step","TDMPC2_pendulum-swingup_sweep_250k_0 - pretrain/episode_reward","TDMPC2_pendulum-swingup_sweep_250k_0 - pretrain/episode_reward__MIN","TDMPC2_pendulum-swingup_sweep_250k_0 - pretrain/episode_reward__MAX","TDMPC2_pendulum-swingup_sweep_100k_0 - pretrain/episode_reward","TDMPC2_pendulum-swingup_sweep_100k_0 - pretrain/episode_reward__MIN","TDMPC2_pendulum-swingup_sweep_100k_0 - pretrain/episode_reward__MAX","TDMPC2_pendulum-swingup_sweep_100k_2 - pretrain/episode_reward","TDMPC2_pendulum-swingup_sweep_100k_2 - pretrain/episode_reward__MIN","TDMPC2_pendulum-swingup_sweep_100k_2 - pretrain/episode_reward__MAX","TDMPC2_pendulum-swingup_sweep_250k_1 - pretrain/episode_reward","TDMPC2_pendulum-swingup_sweep_250k_1 - pretrain/episode_reward__MIN","TDMPC2_pendulum-swingup_sweep_250k_1 - pretrain/episode_reward__MAX","TDMPC2_pendulum-swingup_sweep_50k_2 - pretrain/episode_reward","TDMPC2_pendulum-swingup_sweep_50k_2 - pretrain/episode_reward__MIN","TDMPC2_pendulum-swingup_sweep_50k_2 - pretrain/episode_reward__MAX","TDMPC2_pendulum-swingup_sweep_250k_2 - pretrain/episode_reward","TDMPC2_pendulum-swingup_sweep_250k_2 - pretrain/episode_reward__MIN","TDMPC2_pendulum-swingup_sweep_250k_2 - pretrain/episode_reward__MAX","TDMPC2_pendulum-swingup_sweep_50k_0 - pretrain/episode_reward","TDMPC2_pendulum-swingup_sweep_50k_0 - pretrain/episode_reward__MIN","TDMPC2_pendulum-swingup_sweep_50k_0 - pretrain/episode_reward__MAX","TDMPC2_pendulum-swingup_sweep_50k_1 - pretrain/episode_reward","TDMPC2_pendulum-swingup_sweep_50k_1 - pretrain/episode_reward__MIN","TDMPC2_pendulum-swingup_sweep_50k_1 - pretrain/episode_reward__MAX","TDMPC2_pendulum-swingup_sweep_100k_1 - pretrain/episode_reward","TDMPC2_pendulum-swingup_sweep_100k_1 - pretrain/episode_reward__MIN","TDMPC2_pendulum-swingup_sweep_100k_1 - pretrain/episode_reward__MAX"
"0","0","0","0","0","0","0","0","0","0","0","0","0","0","0","0","0","0","0","0","0","0","0","0","0","0","0","0"
"2500","0","0","0","0","0","0","4.9","4.9","4.9","0","0","0","121.6","121.6","121.6","3.8","3.8","3.8","0","0","0","0","0","0","0","0","0"
"5000","0.1","0.1","0.1","90.7","90.7","90.7","1.4","1.4","1.4","0","0","0","1.4","1.4","1.4","2","2","2","0.1","0.1","0.1","0","0","0","0","0","0"
"7500","0","0","0","15.2","15.2","15.2","1.9","1.9","1.9","0","0","0","30.3","30.3","30.3","1.9","1.9","1.9","23.8","23.8","23.8","0","0","0","0","0","0"
"10000","0","0","0","0","0","0","100","100","100","0","0","0","43.6","43.6","43.6","1.2","1.2","1.2","34.7","34.7","34.7","0","0","0","14.3","14.3","14.3"
"12500","0","0","0","0","0","0","0","0","0","0.8","0.8","0.8","0","0","0","0","0","0","0","0","0","2.6","2.6","2.6","0.8","0.8","0.8"
"15000","0","0","0","0","0","0","5.7","5.7","5.7","2","2","2","0","0","0","0","0","0","0","0","0","2.6","2.6","2.6","2","2","2"
"17500","0","0","0","51.7","51.7","51.7","1.4","1.4","1.4","0","0","0","1.1","1.1","1.1","1","1","1","0","0","0","0","0","0","746.9","746.9","746.9"
"20000","0","0","0","2.4","2.4","2.4","1.1","1.1","1.1","0","0","0","627.5","627.5","627.5","1.3","1.3","1.3","2.4","2.4","2.4","0","0","0","809.1","809.1","809.1"
"22500","0","0","0","753.1","753.1","753.1","0","0","0","0","0","0","827.2","827.2","827.2","92.6","92.6","92.6","776","776","776","0","0","0","784","784","784"
"25000","0","0","0","821","821","821","710.9","710.9","710.9","0","0","0","597","597","597","592.8","592.8","592.8","790.8","790.8","790.8","774.4","774.4","774.4","763.3","763.3","763.3"
"27500","185.4","185.4","185.4","744.4","744.4","744.4","834.6","834.6","834.6","0","0","0","850","850","850","844.4","844.4","844.4","837.8","837.8","837.8","738.7","738.7","738.7","763.3","763.3","763.3"
"30000","801.4","801.4","801.4","776.9","776.9","776.9","779.2","779.2","779.2","0","0","0","826","826","826","760.7","760.7","760.7","865.7","865.7","865.7","763.3","763.3","763.3","745.4","745.4","745.4"
"32500","184","184","184","887.1","887.1","887.1","685.1","685.1","685.1","0","0","0","813.5","813.5","813.5","756.2","756.2","756.2","901.4","901.4","901.4","815.8","815.8","815.8","780.3","780.3","780.3"
"35000","713.5","713.5","713.5","684.4","684.4","684.4","794.6","794.6","794.6","0","0","0","820.2","820.2","820.2","747.1","747.1","747.1","793.9","793.9","793.9","771.5","771.5","771.5","760.6","760.6","760.6"
"37500","741.9","741.9","741.9","775.2","775.2","775.2","788.4","788.4","788.4","0","0","0","788.8","788.8","788.8","743.6","743.6","743.6","800.2","800.2","800.2","783.3","783.3","783.3","783.1","783.1","783.1"
"40000","752.2","752.2","752.2","783.5","783.5","783.5","843.3","843.3","843.3","200","200","200","858.2","858.2","858.2","826.6","826.6","826.6","801.1","801.1","801.1","843.6","843.6","843.6","837","837","837"
"42500","718.6","718.6","718.6","790.5","790.5","790.5","834.6","834.6","834.6","740.5","740.5","740.5","845.5","845.5","845.5","819.9","819.9","819.9","792.4","792.4","792.4","842.9","842.9","842.9","821.5","821.5","821.5"
"45000","782.2","782.2","782.2","847.6","847.6","847.6","798.2","798.2","798.2","98.6","98.6","98.6","830.7","830.7","830.7","763.9","763.9","763.9","865.2","865.2","865.2","819.5","819.5","819.5","819.2","819.2","819.2"
"47500","767.9","767.9","767.9","828.5","828.5","828.5","782.7","782.7","782.7","662.8","662.8","662.8","817.2","817.2","817.2","803.6","803.6","803.6","826.3","826.3","826.3","767.4","767.4","767.4","737.8","737.8","737.8"
"50000","768.9","768.9","768.9","830.4","830.4","830.4","812.4","812.4","812.4","768.2","768.2","768.2","826.2","826.2","826.2","829.2","829.2","829.2","823.6","823.6","823.6","845.1","845.1","845.1","832","832","832"
"52500","804.5","804.5","804.5","807.5","807.5","807.5","775.5","775.5","775.5","703.9","703.9","703.9","820.5","820.5","820.5","814.3","814.3","814.3","806.2","806.2","806.2","756.3","756.3","756.3","762.5","762.5","762.5"
"55000","784.7","784.7","784.7","794.1","794.1","794.1","770.6","770.6","770.6","724","724","724","791.8","791.8","791.8","779.7","779.7","779.7","787","787","787","796","796","796","781.6","781.6","781.6"
"57500","856.3","856.3","856.3","862","862","862","846.9","846.9","846.9","844.1","844.1","844.1","863.8","863.8","863.8","853.9","853.9","853.9","865.7","865.7","865.7","875.1","875.1","875.1","864.3","864.3","864.3"
"60000","825.9","825.9","825.9","853.5","853.5","853.5","832.6","832.6","832.6","0","0","0","837.1","837.1","837.1","835.5","835.5","835.5","853.6","853.6","853.6","825.3","825.3","825.3","826.6","826.6","826.6"
"62500","810.3","810.3","810.3","818.2","818.2","818.2","806.9","806.9","806.9","822.2","822.2","822.2","817.1","817.1","817.1","812.8","812.8","812.8","819.2","819.2","819.2","835.7","835.7","835.7","827.1","827.1","827.1"
"65000","770","770","770","809.8","809.8","809.8","809.1","809.1","809.1","821.2","821.2","821.2","820.1","820.1","820.1","812.5","812.5","812.5","803.4","803.4","803.4","861.8","861.8","861.8","857.9","857.9","857.9"
"67500","766.9","766.9","766.9","775.3","775.3","775.3","790.5","790.5","790.5","820.3","820.3","820.3","806.4","806.4","806.4","799","799","799","760.7","760.7","760.7","870.5","870.5","870.5","865.4","865.4","865.4"
"70000","846.3","846.3","846.3","853.4","853.4","853.4","810.8","810.8","810.8","828.2","828.2","828.2","821.8","821.8","821.8","814.6","814.6","814.6","844.3","844.3","844.3","824.9","824.9","824.9","819.6","819.6","819.6"
"72500","784.1","784.1","784.1","803.1","803.1","803.1","844.1","844.1","844.1","841.4","841.4","841.4","847.8","847.8","847.8","847.2","847.2","847.2","795.3","795.3","795.3","842.4","842.4","842.4","833.4","833.4","833.4"
"75000","772","772","772","781.3","781.3","781.3","784.7","784.7","784.7","863.5","863.5","863.5","793.9","793.9","793.9","784.1","784.1","784.1","783.6","783.6","783.6","860.1","860.1","860.1","858.6","858.6","858.6"
"77500","810.5","810.5","810.5","823.3","823.3","823.3","835.2","835.2","835.2","805.4","805.4","805.4","842","842","842","842.1","842.1","842.1","820.1","820.1","820.1","806.7","806.7","806.7","802.3","802.3","802.3"
"80000","829.3","829.3","829.3","849.8","849.8","849.8","793.9","793.9","793.9","899.9","899.9","899.9","810.1","810.1","810.1","798.2","798.2","798.2","845.6","845.6","845.6","898.1","898.1","898.1","895.1","895.1","895.1"
"82500","798.4","798.4","798.4","827.3","827.3","827.3","804.1","804.1","804.1","821","821","821","806.3","806.3","806.3","808.7","808.7","808.7","818.5","818.5","818.5","820.6","820.6","820.6","816.2","816.2","816.2"
"85000","826.2","826.2","826.2","841.6","841.6","841.6","841.6","841.6","841.6","799.6","799.6","799.6","855.2","855.2","855.2","847.4","847.4","847.4","837.5","837.5","837.5","795.9","795.9","795.9","782.6","782.6","782.6"
"87500","848","848","848","861.8","861.8","861.8","767.5","767.5","767.5","843.7","843.7","843.7","794.2","794.2","794.2","786.3","786.3","786.3","862","862","862","838.1","838.1","838.1","837.3","837.3","837.3"
"90000","811.8","811.8","811.8","836.9","836.9","836.9","860.1","860.1","860.1","826.4","826.4","826.4","869.4","869.4","869.4","860","860","860","837.4","837.4","837.4","825.9","825.9","825.9","822.6","822.6","822.6"
"92500","836.8","836.8","836.8","824.7","824.7","824.7","807.3","807.3","807.3","822.4","822.4","822.4","816.9","816.9","816.9","805","805","805","851","851","851","816.9","816.9","816.9","819.3","819.3","819.3"
"95000","805.7","805.7","805.7","829.9","829.9","829.9","793.4","793.4","793.4","849.3","849.3","849.3","807.6","807.6","807.6","795.1","795.1","795.1","830.2","830.2","830.2","840.9","840.9","840.9","842.6","842.6","842.6"
"97500","769.6","769.6","769.6","793.2","793.2","793.2","834.1","834.1","834.1","865.4","865.4","865.4","844.7","844.7","844.7","832.8","832.8","832.8","798.5","798.5","798.5","855.9","855.9","855.9","852.5","852.5","852.5"
"100000","802.3","802.3","802.3","812.6","812.6","812.6","866.5","866.5","866.5","803.3","803.3","803.3","889.7","889.7","889.7","878.8","878.8","878.8","814.9","814.9","814.9","794.9","794.9","794.9","794.3","794.3","794.3"
"102500","772.2","772.2","772.2","782.5","782.5","782.5","837.8","837.8","837.8","860.5","860.5","860.5","846.4","846.4","846.4","828","828","828","785.6","785.6","785.6","855.4","855.4","855.4","853.7","853.7","853.7"
"105000","785.6","785.6","785.6","801.7","801.7","801.7","794.8","794.8","794.8","785.3","785.3","785.3","805.8","805.8","805.8","791.3","791.3","791.3","796.9","796.9","796.9","781.5","781.5","781.5","782.4","782.4","782.4"
"107500","873.3","873.3","873.3","899.5","899.5","899.5","831","831","831","866","866","866","842.7","842.7","842.7","835.2","835.2","835.2","895","895","895","859.8","859.8","859.8","859.8","859.8","859.8"
"110000","755.5","755.5","755.5","771.8","771.8","771.8","890.2","890.2","890.2","772.4","772.4","772.4","897.2","897.2","897.2","893.6","893.6","893.6","783.1","783.1","783.1","766.4","766.4","766.4","762.1","762.1","762.1"
"112500","762.7","762.7","762.7","779.1","779.1","779.1","836.5","836.5","836.5","822.2","822.2","822.2","842.6","842.6","842.6","828.2","828.2","828.2","772.3","772.3","772.3","814.5","814.5","814.5","812.9","812.9","812.9"
"115000","838.7","838.7","838.7","857.2","857.2","857.2","770.3","770.3","770.3","820.9","820.9","820.9","775.8","775.8","775.8","762.6","762.6","762.6","852.9","852.9","852.9","818.4","818.4","818.4","811.6","811.6","811.6"
"117500","809.6","809.6","809.6","811.7","811.7","811.7","823.6","823.6","823.6","833.1","833.1","833.1","832.4","832.4","832.4","821.7","821.7","821.7","808.3","808.3","808.3","831.2","831.2","831.2","830.7","830.7","830.7"
"120000","822.9","822.9","822.9","833","833","833","889.9","889.9","889.9","877.7","877.7","877.7","909.8","909.8","909.8","899","899","899","825.9","825.9","825.9","874.5","874.5","874.5","868.3","868.3","868.3"
"122500","873.4","873.4","873.4","887.9","887.9","887.9","850.1","850.1","850.1","822.2","822.2","822.2","849.5","849.5","849.5","837.3","837.3","837.3","887.2","887.2","887.2","819.9","819.9","819.9","809.7","809.7","809.7"
"125000","841","841","841","851","851","851","808.6","808.6","808.6","852.3","852.3","852.3","809.3","809.3","809.3","804.8","804.8","804.8","849.9","849.9","849.9","850.2","850.2","850.2","845.5","845.5","845.5"
"127500","850.8","850.8","850.8","856.9","856.9","856.9","823.8","823.8","823.8","869","869","869","830.7","830.7","830.7","823.5","823.5","823.5","849.2","849.2","849.2","867.5","867.5","867.5","863.3","863.3","863.3"
"130000","828.8","828.8","828.8","834.5","834.5","834.5","824.5","824.5","824.5","813","813","813","825.8","825.8","825.8","814.1","814.1","814.1","834.5","834.5","834.5","809.6","809.6","809.6","811.9","811.9","811.9"
"132500","832.7","832.7","832.7","838.1","838.1","838.1","844.5","844.5","844.5","825.8","825.8","825.8","846.8","846.8","846.8","843.8","843.8","843.8","831.9","831.9","831.9","819.9","819.9","819.9","817.9","817.9","817.9"
"135000","842.5","842.5","842.5","843.2","843.2","843.2","870.1","870.1","870.1","841.7","841.7","841.7","872","872","872","871.8","871.8","871.8","839.7","839.7","839.7","841.4","841.4","841.4","826.7","826.7","826.7"
"137500","842.3","842.3","842.3","854.8","854.8","854.8","815.5","815.5","815.5","884.4","884.4","884.4","820.4","820.4","820.4","817.2","817.2","817.2","849.6","849.6","849.6","880.3","880.3","880.3","884.4","884.4","884.4"
"140000","798.6","798.6","798.6","801.9","801.9","801.9","860.9","860.9","860.9","821.9","821.9","821.9","864.9","864.9","864.9","867.5","867.5","867.5","799.1","799.1","799.1","821.7","821.7","821.7","823","823","823"
"142500","778.8","778.8","778.8","792.8","792.8","792.8","845.6","845.6","845.6","886.6","886.6","886.6","855.4","855.4","855.4","854.3","854.3","854.3","788","788","788","887.5","887.5","887.5","887.5","887.5","887.5"
"145000","773.2","773.2","773.2","791.4","791.4","791.4","795.6","795.6","795.6","850.6","850.6","850.6","795.7","795.7","795.7","799.5","799.5","799.5","787.3","787.3","787.3","849.3","849.3","849.3","847.1","847.1","847.1"
"147500","844.8","844.8","844.8","852.8","852.8","852.8","851.2","851.2","851.2","813.9","813.9","813.9","848.3","848.3","848.3","846.9","846.9","846.9","851.9","851.9","851.9","814.4","814.4","814.4","806.9","806.9","806.9"
"150000","882.3","882.3","882.3","887.4","887.4","887.4","846","846","846","832.1","832.1","832.1","853.6","853.6","853.6","852.7","852.7","852.7","883.3","883.3","883.3","832.1","832.1","832.1","827.2","827.2","827.2"
"152500","836","836","836","836.1","836.1","836.1","818.6","818.6","818.6","846.5","846.5","846.5","818.8","818.8","818.8","823.3","823.3","823.3","840.7","840.7","840.7","849.2","849.2","849.2","847.2","847.2","847.2"
"155000","830.1","830.1","830.1","837.8","837.8","837.8","820","820","820","870","870","870","818.3","818.3","818.3","821.6","821.6","821.6","835.1","835.1","835.1","870.1","870.1","870.1","866.5","866.5","866.5"
"157500","820.1","820.1","820.1","824","824","824","852.3","852.3","852.3","824.3","824.3","824.3","857.1","857.1","857.1","854.1","854.1","854.1","816.3","816.3","816.3","826.5","826.5","826.5","824","824","824"
"160000","804.7","804.7","804.7","810.5","810.5","810.5","839.5","839.5","839.5","851.9","851.9","851.9","847.4","847.4","847.4","841.2","841.2","841.2","809.2","809.2","809.2","850.8","850.8","850.8","853.6","853.6","853.6"
"162500","828.2","828.2","828.2","835.2","835.2","835.2","860.2","860.2","860.2","793.8","793.8","793.8","864.9","864.9","864.9","863.6","863.6","863.6","827.9","827.9","827.9","794.7","794.7","794.7","793.4","793.4","793.4"
"165000","867.4","867.4","867.4","879.5","879.5","879.5","903.4","903.4","903.4","834.2","834.2","834.2","897.4","897.4","897.4","904.1","904.1","904.1","875.5","875.5","875.5","834.4","834.4","834.4","830.9","830.9","830.9"
"167500","861.4","861.4","861.4","866.9","866.9","866.9","844.4","844.4","844.4","804.1","804.1","804.1","850.1","850.1","850.1","851.8","851.8","851.8","867.3","867.3","867.3","803.5","803.5","803.5","803.2","803.2","803.2"
"170000","825.8","825.8","825.8","829.5","829.5","829.5","869.1","869.1","869.1","893.6","893.6","893.6","869.8","869.8","869.8","867.7","867.7","867.7","822.4","822.4","822.4","894.6","894.6","894.6","893.4","893.4","893.4"
"172500","846.4","846.4","846.4","852.4","852.4","852.4","823.2","823.2","823.2","805.4","805.4","805.4","829.5","829.5","829.5","829.7","829.7","829.7","851.6","851.6","851.6","805.3","805.3","805.3","798.4","798.4","798.4"
"175000","768.9","768.9","768.9","766.9","766.9","766.9","779.8","779.8","779.8","880.9","880.9","880.9","797.6","797.6","797.6","795.7","795.7","795.7","760.6","760.6","760.6","889.4","889.4","889.4","888.9","888.9","888.9"
"177500","858.7","858.7","858.7","870.6","870.6","870.6","782.8","782.8","782.8","868.4","868.4","868.4","790.5","790.5","790.5","791","791","791","866.3","866.3","866.3","865.5","865.5","865.5","862","862","862"
"180000","796.1","796.1","796.1","802.5","802.5","802.5","833.6","833.6","833.6","849.3","849.3","849.3","833.6","833.6","833.6","836.5","836.5","836.5","800.8","800.8","800.8","857.7","857.7","857.7","855.6","855.6","855.6"
"182500","889","889","889","897","897","897","828.7","828.7","828.7","829.7","829.7","829.7","834.9","834.9","834.9","835.2","835.2","835.2","895.5","895.5","895.5","833.2","833.2","833.2","829.3","829.3","829.3"
"185000","777.6","777.6","777.6","786.6","786.6","786.6","834.8","834.8","834.8","775.1","775.1","775.1","835","835","835","838.3","838.3","838.3","774.6","774.6","774.6","780.8","780.8","780.8","776.2","776.2","776.2"
"187500","846","846","846","847.6","847.6","847.6","837.2","837.2","837.2","867.3","867.3","867.3","840.6","840.6","840.6","841.4","841.4","841.4","843.1","843.1","843.1","878.6","878.6","878.6","877","877","877"
"190000","793.3","793.3","793.3","797.9","797.9","797.9","756.6","756.6","756.6","819.7","819.7","819.7","763.7","763.7","763.7","766","766","766","796.5","796.5","796.5","819.5","819.5","819.5","823.2","823.2","823.2"
"192500","829.5","829.5","829.5","841.6","841.6","841.6","850.5","850.5","850.5","859","859","859","849.4","849.4","849.4","853","853","853","835.4","835.4","835.4","862.6","862.6","862.6","858.8","858.8","858.8"
"195000","793.7","793.7","793.7","805.8","805.8","805.8","870.3","870.3","870.3","845.2","845.2","845.2","873.5","873.5","873.5","874.8","874.8","874.8","801.7","801.7","801.7","848.4","848.4","848.4","846.4","846.4","846.4"
"197500","841.6","841.6","841.6","844.9","844.9","844.9","898.7","898.7","898.7","889.8","889.8","889.8","897.6","897.6","897.6","895.5","895.5","895.5","847.4","847.4","847.4","892.9","892.9","892.9","888.9","888.9","888.9"
"200000","829.6","829.6","829.6","843.5","843.5","843.5","864.9","864.9","864.9","842.3","842.3","842.3","866.8","866.8","866.8","870.3","870.3","870.3","840.9","840.9","840.9","844.1","844.1","844.1","843.7","843.7","843.7"
"202500","862.6","862.6","862.6","863.4","863.4","863.4","799.5","799.5","799.5","825.4","825.4","825.4","802.1","802.1","802.1","805.5","805.5","805.5","856.8","856.8","856.8","828.9","828.9","828.9","831.6","831.6","831.6"
"205000","788.7","788.7","788.7","796.5","796.5","796.5","850.6","850.6","850.6","876.8","876.8","876.8","851.1","851.1","851.1","851.3","851.3","851.3","787.8","787.8","787.8","884.2","884.2","884.2","882.8","882.8","882.8"
"207500","841","841","841","844.5","844.5","844.5","845.3","845.3","845.3","883","883","883","843.5","843.5","843.5","848.4","848.4","848.4","846.3","846.3","846.3","883.1","883.1","883.1","885.9","885.9","885.9"
"210000","862.2","862.2","862.2","867.3","867.3","867.3","848.6","848.6","848.6","848.8","848.8","848.8","846.4","846.4","846.4","845.8","845.8","845.8","869","869","869","867.4","867.4","867.4","866.8","866.8","866.8"
"212500","817.5","817.5","817.5","826.6","826.6","826.6","873","873","873","828.1","828.1","828.1","874","874","874","872.3","872.3","872.3","826.5","826.5","826.5","838","838","838","836.3","836.3","836.3"
"215000","820.9","820.9","820.9","825.5","825.5","825.5","823.2","823.2","823.2","834.3","834.3","834.3","826.3","826.3","826.3","826.3","826.3","826.3","824","824","824","841.2","841.2","841.2","842.5","842.5","842.5"
"217500","855","855","855","853.5","853.5","853.5","868.7","868.7","868.7","775.8","775.8","775.8","869.3","869.3","869.3","872.3","872.3","872.3","860.9","860.9","860.9","818.7","818.7","818.7","817.8","817.8","817.8"
"220000","837.9","837.9","837.9","843.1","843.1","843.1","816","816","816","888.8","888.8","888.8","814.6","814.6","814.6","816","816","816","839.7","839.7","839.7","891.6","891.6","891.6","890","890","890"
"222500","926","926","926","933.2","933.2","933.2","823.8","823.8","823.8","866.2","866.2","866.2","824.1","824.1","824.1","822.8","822.8","822.8","934.4","934.4","934.4","876.5","876.5","876.5","876.2","876.2","876.2"
"225000","784.4","784.4","784.4","786.9","786.9","786.9","832","832","832","792.8","792.8","792.8","825.5","825.5","825.5","829.2","829.2","829.2","782.5","782.5","782.5","793.5","793.5","793.5","791.4","791.4","791.4"
"227500","810.1","810.1","810.1","818.4","818.4","818.4","789.9","789.9","789.9","875.8","875.8","875.8","785.3","785.3","785.3","792.8","792.8","792.8","811.3","811.3","811.3","867.2","867.2","867.2","876.7","876.7","876.7"
"230000","854.7","854.7","854.7","853.5","853.5","853.5","875.5","875.5","875.5","857.7","857.7","857.7","879.1","879.1","879.1","880.3","880.3","880.3","853.9","853.9","853.9","877.1","877.1","877.1","874.4","874.4","874.4"
"232500","812.5","812.5","812.5","819.3","819.3","819.3","850.7","850.7","850.7","830.4","830.4","830.4","849.8","849.8","849.8","852.6","852.6","852.6","817","817","817","839.7","839.7","839.7","837.9","837.9","837.9"
"235000","840.3","840.3","840.3","846.2","846.2","846.2","848.2","848.2","848.2","801","801","801","848.5","848.5","848.5","849.7","849.7","849.7","847.9","847.9","847.9","826.3","826.3","826.3","821.8","821.8","821.8"
"237500","835.9","835.9","835.9","840.2","840.2","840.2","841.8","841.8","841.8","845.2","845.2","845.2","840.1","840.1","840.1","844.2","844.2","844.2","833.5","833.5","833.5","847.1","847.1","847.1","845.5","845.5","845.5"
"240000","845.8","845.8","845.8","846.4","846.4","846.4","844.7","844.7","844.7","789.6","789.6","789.6","842.3","842.3","842.3","848","848","848","839.1","839.1","839.1","809.8","809.8","809.8","805.8","805.8","805.8"
"242500","845.1","845.1","845.1","845.2","845.2","845.2","859.8","859.8","859.8","859.6","859.6","859.6","858.9","858.9","858.9","859.8","859.8","859.8","839.3","839.3","839.3","856.9","856.9","856.9","849.9","849.9","849.9"
"245000","821.6","821.6","821.6","824.3","824.3","824.3","842.9","842.9","842.9","807.1","807.1","807.1","840.8","840.8","840.8","848","848","848","822.8","822.8","822.8","817.6","817.6","817.6","818.8","818.8","818.8"
"247500","836.3","836.3","836.3","838.5","838.5","838.5","833.8","833.8","833.8","871.8","871.8","871.8","840","840","840","841.6","841.6","841.6","835.3","835.3","835.3","875.7","875.7","875.7","873.3","873.3","873.3"
"250000","809.4","809.4","809.4","815.7","815.7","815.7","861.4","861.4","861.4","828.1","828.1","828.1","860.2","860.2","860.2","859.8","859.8","859.8","817.5","817.5","817.5","829.2","829.2","829.2","826.4","826.4","826.4"
"252500","870.9","870.9","870.9","876.3","876.3","876.3","804.8","804.8","804.8","843.1","843.1","843.1","804.7","804.7","804.7","808.1","808.1","808.1","873.3","873.3","873.3","843.7","843.7","843.7","836.7","836.7","836.7"
"255000","819.3","819.3","819.3","824.1","824.1","824.1","916.1","916.1","916.1","842.1","842.1","842.1","915.8","915.8","915.8","914.8","914.8","914.8","819.5","819.5","819.5","844.4","844.4","844.4","844","844","844"
"257500","820.1","820.1","820.1","837.1","837.1","837.1","786.9","786.9","786.9","787.9","787.9","787.9","791.8","791.8","791.8","789.5","789.5","789.5","834.1","834.1","834.1","802.5","802.5","802.5","804.1","804.1","804.1"
"260000","843.8","843.8","843.8","847.2","847.2","847.2","835.6","835.6","835.6","790.5","790.5","790.5","835.2","835.2","835.2","836","836","836","842.3","842.3","842.3","820.1","820.1","820.1","817.1","817.1","817.1"
"262500","839.8","839.8","839.8","858","858","858","837.7","837.7","837.7","820.2","820.2","820.2","834.5","834.5","834.5","839.4","839.4","839.4","857.6","857.6","857.6","837.3","837.3","837.3","833","833","833"
"265000","774.5","774.5","774.5","785.7","785.7","785.7","886.6","886.6","886.6","839.8","839.8","839.8","883.4","883.4","883.4","888.2","888.2","888.2","774.6","774.6","774.6","836.6","836.6","836.6","840.3","840.3","840.3"
"267500","813.4","813.4","813.4","815.4","815.4","815.4","841.8","841.8","841.8","832.9","832.9","832.9","837","837","837","843.8","843.8","843.8","805.3","805.3","805.3","838.5","838.5","838.5","840.3","840.3","840.3"
"270000","817","817","817","827.5","827.5","827.5","821.2","821.2","821.2","804.7","804.7","804.7","825.1","825.1","825.1","824.3","824.3","824.3","825.1","825.1","825.1","821.7","821.7","821.7","820.6","820.6","820.6"
"272500","807.8","807.8","807.8","812.6","812.6","812.6","830.2","830.2","830.2","850","850","850","830.6","830.6","830.6","829.5","829.5","829.5","807.3","807.3","807.3","858.6","858.6","858.6","854.5","854.5","854.5"
"275000","828.9","828.9","828.9","831.8","831.8","831.8","855.1","855.1","855.1","810","810","810","855.3","855.3","855.3","860.5","860.5","860.5","828.9","828.9","828.9","816.4","816.4","816.4","811.3","811.3","811.3"
"277500","828.6","828.6","828.6","844.9","844.9","844.9","794.1","794.1","794.1","806.8","806.8","806.8","799.2","799.2","799.2","797.4","797.4","797.4","847.1","847.1","847.1","820.4","820.4","820.4","815.8","815.8","815.8"
"280000","808.9","808.9","808.9","805.9","805.9","805.9","771","771","771","849.2","849.2","849.2","772.1","772.1","772.1","773.9","773.9","773.9","805.3","805.3","805.3","855.4","855.4","855.4","851.7","851.7","851.7"
"282500","813.5","813.5","813.5","809.6","809.6","809.6","859.6","859.6","859.6","831.4","831.4","831.4","862.6","862.6","862.6","861.4","861.4","861.4","811.1","811.1","811.1","844.5","844.5","844.5","846","846","846"
"285000","864.7","864.7","864.7","870.4","870.4","870.4","826.6","826.6","826.6","868.3","868.3","868.3","829.9","829.9","829.9","828.6","828.6","828.6","874.9","874.9","874.9","890.3","890.3","890.3","889","889","889"
"287500","812.9","812.9","812.9","820.9","820.9","820.9","822.4","822.4","822.4","832","832","832","826.4","826.4","826.4","832","832","832","822.3","822.3","822.3","847","847","847","847.9","847.9","847.9"
"290000","800.7","800.7","800.7","814.6","814.6","814.6","823.4","823.4","823.4","836.7","836.7","836.7","823.5","823.5","823.5","824.2","824.2","824.2","812","812","812","854.2","854.2","854.2","849.8","849.8","849.8"
"292500","847.9","847.9","847.9","861.2","861.2","861.2","849.3","849.3","849.3","834.1","834.1","834.1","849.3","849.3","849.3","851.3","851.3","851.3","860.3","860.3","860.3","835.1","835.1","835.1","825.9","825.9","825.9"
"295000","842.6","842.6","842.6","850.6","850.6","850.6","843.6","843.6","843.6","846.8","846.8","846.8","845.3","845.3","845.3","844.3","844.3","844.3","848.5","848.5","848.5","856.5","856.5","856.5","856.2","856.2","856.2"
"297500","853.1","853.1","853.1","865.4","865.4","865.4","815.4","815.4","815.4","799.2","799.2","799.2","812.2","812.2","812.2","817.6","817.6","817.6","863.8","863.8","863.8","810","810","810","810.8","810.8","810.8"
"300000","817.3","817.3","817.3","824.8","824.8","824.8","796.1","796.1","796.1","815","815","815","792.3","792.3","792.3","801","801","801","820","820","820","831.3","831.3","831.3","825.2","825.2","825.2"
"302500","814.3","814.3","814.3","827.5","827.5","827.5","846.6","846.6","846.6","823","823","823","844.4","844.4","844.4","848.4","848.4","848.4","824.8","824.8","824.8","826.4","826.4","826.4","824.2","824.2","824.2"
"305000","779.4","779.4","779.4","781.7","781.7","781.7","772.6","772.6","772.6","846.4","846.4","846.4","776.2","776.2","776.2","776.7","776.7","776.7","781.2","781.2","781.2","865.3","865.3","865.3","861.2","861.2","861.2"
"307500","797.6","797.6","797.6","805.8","805.8","805.8","812.3","812.3","812.3","801.6","801.6","801.6","808.7","808.7","808.7","818.4","818.4","818.4","798","798","798","816","816","816","814.9","814.9","814.9"
"310000","837","837","837","845.5","845.5","845.5","831.3","831.3","831.3","848.1","848.1","848.1","831.4","831.4","831.4","833.6","833.6","833.6","838.9","838.9","838.9","852.2","852.2","852.2","853.2","853.2","853.2"
"312500","827.5","827.5","827.5","840.1","840.1","840.1","789.8","789.8","789.8","859.2","859.2","859.2","785.6","785.6","785.6","790","790","790","840.6","840.6","840.6","864.6","864.6","864.6","856.2","856.2","856.2"
"315000","826.7","826.7","826.7","836.5","836.5","836.5","779.5","779.5","779.5","835.2","835.2","835.2","779.2","779.2","779.2","785.1","785.1","785.1","827.1","827.1","827.1","836","836","836","827.2","827.2","827.2"
"317500","848.3","848.3","848.3","859.2","859.2","859.2","833.6","833.6","833.6","870","870","870","832.3","832.3","832.3","837.5","837.5","837.5","854.9","854.9","854.9","871.6","871.6","871.6","862.1","862.1","862.1"
"320000","809.8","809.8","809.8","812.5","812.5","812.5","803.9","803.9","803.9","846.9","846.9","846.9","805.8","805.8","805.8","805.5","805.5","805.5","807.1","807.1","807.1","846.8","846.8","846.8","846.2","846.2","846.2"
"322500","780.2","780.2","780.2","783.5","783.5","783.5","805.8","805.8","805.8","839.1","839.1","839.1","806","806","806","805.1","805.1","805.1","785.8","785.8","785.8","838.8","838.8","838.8","836.6","836.6","836.6"
"325000","825.7","825.7","825.7","824","824","824","791.1","791.1","791.1","897.7","897.7","897.7","790","790","790","795","795","795","818.7","818.7","818.7","899.6","899.6","899.6","894.6","894.6","894.6"
"327500","794.6","794.6","794.6","794","794","794","854","854","854","869.5","869.5","869.5","855.3","855.3","855.3","855.5","855.5","855.5","787.8","787.8","787.8","871.2","871.2","871.2","864","864","864"
"330000","766.6","766.6","766.6","762.9","762.9","762.9","835.6","835.6","835.6","792.4","792.4","792.4","835.1","835.1","835.1","837.1","837.1","837.1","762.1","762.1","762.1","792","792","792","795.7","795.7","795.7"
"332500","885.1","885.1","885.1","883.5","883.5","883.5","816.9","816.9","816.9","902.1","902.1","902.1","815.4","815.4","815.4","817.7","817.7","817.7","875.8","875.8","875.8","906","906","906","899.6","899.6","899.6"
"335000","864.3","864.3","864.3","864.3","864.3","864.3","837.7","837.7","837.7","873.7","873.7","873.7","837.3","837.3","837.3","837.1","837.1","837.1","859.1","859.1","859.1","873.7","873.7","873.7","870.8","870.8","870.8"
"337500","864.2","864.2","864.2","863.5","863.5","863.5","867.1","867.1","867.1","832","832","832","864.6","864.6","864.6","869","869","869","858.3","858.3","858.3","830.9","830.9","830.9","827.6","827.6","827.6"
"340000","868.1","868.1","868.1","866.4","866.4","866.4","831.4","831.4","831.4","795.4","795.4","795.4","836","836","836","838.2","838.2","838.2","861.5","861.5","861.5","797.5","797.5","797.5","795.9","795.9","795.9"
"342500","819.6","819.6","819.6","816.4","816.4","816.4","845.2","845.2","845.2","764","764","764","845.9","845.9","845.9","846.3","846.3","846.3","814.2","814.2","814.2","763.4","763.4","763.4","766.7","766.7","766.7"
"345000","874","874","874","872.8","872.8","872.8","797.7","797.7","797.7","825","825","825","799.8","799.8","799.8","798.4","798.4","798.4","871.1","871.1","871.1","824.6","824.6","824.6","817.8","817.8","817.8"
"347500","817","817","817","816.2","816.2","816.2","847.1","847.1","847.1","820","820","820","848.1","848.1","848.1","850.2","850.2","850.2","808.9","808.9","808.9","820.2","820.2","820.2","816.8","816.8","816.8"
"350000","816.3","816.3","816.3","812.4","812.4","812.4","772.9","772.9","772.9","864","864","864","775.2","775.2","775.2","777.4","777.4","777.4","812.5","812.5","812.5","863","863","863","860.6","860.6","860.6"
"352500","823.7","823.7","823.7","823.6","823.6","823.6","809.6","809.6","809.6","781.8","781.8","781.8","816.2","816.2","816.2","819.5","819.5","819.5","815.1","815.1","815.1","780.5","780.5","780.5","776.4","776.4","776.4"
"355000","799.7","799.7","799.7","797.3","797.3","797.3","861.9","861.9","861.9","861.2","861.2","861.2","862.5","862.5","862.5","865.6","865.6","865.6","795.2","795.2","795.2","858.7","858.7","858.7","861.3","861.3","861.3"
"357500","870.6","870.6","870.6","866.3","866.3","866.3","813.1","813.1","813.1","800.8","800.8","800.8","808.9","808.9","808.9","813.3","813.3","813.3","866.1","866.1","866.1","801.6","801.6","801.6","799.3","799.3","799.3"
"360000","861.8","861.8","861.8","860.9","860.9","860.9","815","815","815","805.6","805.6","805.6","814.3","814.3","814.3","816.7","816.7","816.7","859.7","859.7","859.7","805.7","805.7","805.7","804.1","804.1","804.1"
"362500","853.6","853.6","853.6","849.3","849.3","849.3","803.9","803.9","803.9","834.6","834.6","834.6","803.3","803.3","803.3","803.3","803.3","803.3","849.1","849.1","849.1","833.2","833.2","833.2","830.2","830.2","830.2"
"365000","829.8","829.8","829.8","826.8","826.8","826.8","848","848","848","784.7","784.7","784.7","849.4","849.4","849.4","850.9","850.9","850.9","825.9","825.9","825.9","785.8","785.8","785.8","781.9","781.9","781.9"
"367500","862","862","862","859.3","859.3","859.3","846.3","846.3","846.3","922.1","922.1","922.1","850.9","850.9","850.9","851.3","851.3","851.3","862.5","862.5","862.5","921","921","921","922.7","922.7","922.7"
"370000","825.2","825.2","825.2","824.4","824.4","824.4","852.1","852.1","852.1","780","780","780","853.7","853.7","853.7","854.1","854.1","854.1","820.5","820.5","820.5","777.7","777.7","777.7","773.8","773.8","773.8"
"372500","804.4","804.4","804.4","802","802","802","890.7","890.7","890.7","853.5","853.5","853.5","891.4","891.4","891.4","893.2","893.2","893.2","801.8","801.8","801.8","854","854","854","853.8","853.8","853.8"
"375000","853.7","853.7","853.7","846.6","846.6","846.6","843.6","843.6","843.6","877.5","877.5","877.5","845.6","845.6","845.6","847.9","847.9","847.9","845.3","845.3","845.3","878.6","878.6","878.6","878.1","878.1","878.1"
"377500","848.6","848.6","848.6","846.3","846.3","846.3","854.3","854.3","854.3","774.2","774.2","774.2","853.9","853.9","853.9","854.7","854.7","854.7","844.8","844.8","844.8","772.5","772.5","772.5","773.2","773.2","773.2"
"380000","843","843","843","838.9","838.9","838.9","791","791","791","822.3","822.3","822.3","789.6","789.6","789.6","791.4","791.4","791.4","836.5","836.5","836.5","819.6","819.6","819.6","821.3","821.3","821.3"
"382500","811.5","811.5","811.5","810.7","810.7","810.7","846.4","846.4","846.4","836.5","836.5","836.5","843","843","843","846.2","846.2","846.2","806.5","806.5","806.5","836","836","836","836.8","836.8","836.8"
"385000","879.1","879.1","879.1","879","879","879","824.1","824.1","824.1","789.1","789.1","789.1","821.6","821.6","821.6","823.3","823.3","823.3","879.8","879.8","879.8","787","787","787","785.2","785.2","785.2"
"387500","779.6","779.6","779.6","779.4","779.4","779.4","859.4","859.4","859.4","867.4","867.4","867.4","860.9","860.9","860.9","861.4","861.4","861.4","779.8","779.8","779.8","868.6","868.6","868.6","861.9","861.9","861.9"
"390000","885.5","885.5","885.5","884.5","884.5","884.5","892","892","892","860.4","860.4","860.4","891.9","891.9","891.9","894","894","894","880.9","880.9","880.9","857.2","857.2","857.2","862.8","862.8","862.8"
"392500","850.2","850.2","850.2","849.4","849.4","849.4","845.9","845.9","845.9","810.5","810.5","810.5","849.1","849.1","849.1","851.1","851.1","851.1","849.1","849.1","849.1","811.6","811.6","811.6","807.9","807.9","807.9"
"395000","796.4","796.4","796.4","796.7","796.7","796.7","843.9","843.9","843.9","824.1","824.1","824.1","841.9","841.9","841.9","846.6","846.6","846.6","792.2","792.2","792.2","825.4","825.4","825.4","822.7","822.7","822.7"
"397500","833.4","833.4","833.4","832.5","832.5","832.5","825.1","825.1","825.1","861.7","861.7","861.7","826.4","826.4","826.4","826.3","826.3","826.3","833","833","833","860.3","860.3","860.3","859.7","859.7","859.7"
"400000","814.2","814.2","814.2","811.7","811.7","811.7","805.8","805.8","805.8","804.8","804.8","804.8","805.3","805.3","805.3","811.4","811.4","811.4","812.4","812.4","812.4","804.1","804.1","804.1","805.6","805.6","805.6"
"402500","837","837","837","834.6","834.6","834.6","868.4","868.4","868.4","866.3","866.3","866.3","867.3","867.3","867.3","871.2","871.2","871.2","832.8","832.8","832.8","861.9","861.9","861.9","866.3","866.3","866.3"
"405000","840.4","840.4","840.4","834.3","834.3","834.3","849.4","849.4","849.4","835.1","835.1","835.1","848","848","848","851.2","851.2","851.2","833.1","833.1","833.1","832.9","832.9","832.9","833.6","833.6","833.6"
"407500","820","820","820","819.1","819.1","819.1","824.6","824.6","824.6","835.3","835.3","835.3","825.6","825.6","825.6","824.9","824.9","824.9","815.2","815.2","815.2","837.4","837.4","837.4","834.7","834.7","834.7"
"410000","828.3","828.3","828.3","826.7","826.7","826.7","885.2","885.2","885.2","864.4","864.4","864.4","884.2","884.2","884.2","885.9","885.9","885.9","824.8","824.8","824.8","864.4","864.4","864.4","863.2","863.2","863.2"
"412500","846.3","846.3","846.3","846","846","846","860","860","860","841","841","841","859.6","859.6","859.6","860.6","860.6","860.6","846.1","846.1","846.1","837.2","837.2","837.2","838.7","838.7","838.7"
"415000","898.5","898.5","898.5","895.4","895.4","895.4","848.7","848.7","848.7","835.7","835.7","835.7","849.1","849.1","849.1","849.6","849.6","849.6","897.1","897.1","897.1","833.6","833.6","833.6","832.7","832.7","832.7"
"417500","837.6","837.6","837.6","834","834","834","824.3","824.3","824.3","856.8","856.8","856.8","825.4","825.4","825.4","826.8","826.8","826.8","834.2","834.2","834.2","858.5","858.5","858.5","855","855","855"
"420000","839.4","839.4","839.4","839.7","839.7","839.7","828.3","828.3","828.3","762.1","762.1","762.1","830.4","830.4","830.4","831.9","831.9","831.9","837.8","837.8","837.8","759","759","759","761.6","761.6","761.6"
"422500","806.2","806.2","806.2","801","801","801","858.6","858.6","858.6","799.8","799.8","799.8","859.5","859.5","859.5","859.8","859.8","859.8","804.5","804.5","804.5","799.9","799.9","799.9","794.8","794.8","794.8"
"425000","833.6","833.6","833.6","832.2","832.2","832.2","839.2","839.2","839.2","841.4","841.4","841.4","840.3","840.3","840.3","844.7","844.7","844.7","831.5","831.5","831.5","839.4","839.4","839.4","833.6","833.6","833.6"
"427500","805","805","805","805.8","805.8","805.8","826.6","826.6","826.6","875.2","875.2","875.2","825.7","825.7","825.7","828.4","828.4","828.4","803.9","803.9","803.9","874.7","874.7","874.7","871.7","871.7","871.7"
"430000","820.2","820.2","820.2","817.2","817.2","817.2","829.5","829.5","829.5","802.5","802.5","802.5","830.5","830.5","830.5","832.7","832.7","832.7","817.2","817.2","817.2","799.4","799.4","799.4","789","789","789"
"432500","829","829","829","828.3","828.3","828.3","881.5","881.5","881.5","821.7","821.7","821.7","873.5","873.5","873.5","884.5","884.5","884.5","829.6","829.6","829.6","821.1","821.1","821.1","818.5","818.5","818.5"
"435000","801.2","801.2","801.2","801.3","801.3","801.3","857.7","857.7","857.7","810.3","810.3","810.3","861","861","861","860.7","860.7","860.7","800.4","800.4","800.4","804.1","804.1","804.1","805.3","805.3","805.3"
"437500","843.9","843.9","843.9","844.1","844.1","844.1","877.7","877.7","877.7","832.2","832.2","832.2","877.8","877.8","877.8","877.7","877.7","877.7","842.7","842.7","842.7","828","828","828","830.5","830.5","830.5"
"440000","828.7","828.7","828.7","829.1","829.1","829.1","858.5","858.5","858.5","844.8","844.8","844.8","855.9","855.9","855.9","860.6","860.6","860.6","825.1","825.1","825.1","845","845","845","841.9","841.9","841.9"
"442500","866.4","866.4","866.4","860.9","860.9","860.9","807.7","807.7","807.7","877.1","877.1","877.1","808.7","808.7","808.7","810.2","810.2","810.2","863.6","863.6","863.6","874.8","874.8","874.8","875.3","875.3","875.3"
"445000","824.9","824.9","824.9","822.9","822.9","822.9","836.3","836.3","836.3","831.2","831.2","831.2","835.8","835.8","835.8","836.4","836.4","836.4","822.4","822.4","822.4","832.5","832.5","832.5","831.5","831.5","831.5"
"447500","831.9","831.9","831.9","829.2","829.2","829.2","829.2","829.2","829.2","828.3","828.3","828.3","830.3","830.3","830.3","830","830","830","830.2","830.2","830.2","828.5","828.5","828.5","826.7","826.7","826.7"
"450000","833.4","833.4","833.4","837.1","837.1","837.1","819.4","819.4","819.4","805.7","805.7","805.7","814.8","814.8","814.8","820","820","820","837","837","837","807.8","807.8","807.8","804.6","804.6","804.6"
"452500","831","831","831","828","828","828","882.2","882.2","882.2","912.1","912.1","912.1","882.3","882.3","882.3","884","884","884","830.3","830.3","830.3","911.1","911.1","911.1","910.2","910.2","910.2"
"455000","830.5","830.5","830.5","831.3","831.3","831.3","821.9","821.9","821.9","822.8","822.8","822.8","822.6","822.6","822.6","824","824","824","830","830","830","820.5","820.5","820.5","821.4","821.4","821.4"
"457500","866.1","866.1","866.1","865.6","865.6","865.6","778.4","778.4","778.4","867.4","867.4","867.4","781.2","781.2","781.2","783.3","783.3","783.3","865.7","865.7","865.7","867","867","867","866.9","866.9","866.9"
"460000","865.8","865.8","865.8","864.8","864.8","864.8","871.2","871.2","871.2","884.3","884.3","884.3","871.7","871.7","871.7","871.8","871.8","871.8","862.8","862.8","862.8","880.8","880.8","880.8","882.8","882.8","882.8"
"462500","835.4","835.4","835.4","833.8","833.8","833.8","832.7","832.7","832.7","793.8","793.8","793.8","828.2","828.2","828.2","833","833","833","835","835","835","792.9","792.9","792.9","793.2","793.2","793.2"
"465000","856.5","856.5","856.5","856.1","856.1","856.1","841.4","841.4","841.4","883.6","883.6","883.6","845.2","845.2","845.2","845.9","845.9","845.9","856.2","856.2","856.2","883","883","883","878.4","878.4","878.4"
"467500","865.5","865.5","865.5","865.5","865.5","865.5","874.9","874.9","874.9","905.2","905.2","905.2","873.7","873.7","873.7","873.6","873.6","873.6","866","866","866","901.1","901.1","901.1","903.7","903.7","903.7"
"470000","785.1","785.1","785.1","779.3","779.3","779.3","864.9","864.9","864.9","832.9","832.9","832.9","865.5","865.5","865.5","866","866","866","784.6","784.6","784.6","829.7","829.7","829.7","828.9","828.9","828.9"
"472500","831.1","831.1","831.1","830","830","830","824.7","824.7","824.7","764.1","764.1","764.1","829.7","829.7","829.7","828.2","828.2","828.2","830.5","830.5","830.5","768.1","768.1","768.1","763.8","763.8","763.8"
"475000","871.8","871.8","871.8","872.8","872.8","872.8","808.7","808.7","808.7","881.9","881.9","881.9","811.6","811.6","811.6","811.6","811.6","811.6","872.9","872.9","872.9","882.5","882.5","882.5","879.1","879.1","879.1"
"477500","880.8","880.8","880.8","879.8","879.8","879.8","818.3","818.3","818.3","849.9","849.9","849.9","820.5","820.5","820.5","821.2","821.2","821.2","878.9","878.9","878.9","848.9","848.9","848.9","848.1","848.1","848.1"
"480000","792.5","792.5","792.5","789","789","789","827.2","827.2","827.2","796","796","796","831.1","831.1","831.1","830.2","830.2","830.2","790.7","790.7","790.7","792.8","792.8","792.8","794.2","794.2","794.2"
"482500","795.3","795.3","795.3","793.6","793.6","793.6","843.8","843.8","843.8","839.7","839.7","839.7","843.8","843.8","843.8","844.8","844.8","844.8","793.2","793.2","793.2","839.8","839.8","839.8","835","835","835"
"485000","799.7","799.7","799.7","800.3","800.3","800.3","841.3","841.3","841.3","862.1","862.1","862.1","842.7","842.7","842.7","845.6","845.6","845.6","797.3","797.3","797.3","862.5","862.5","862.5","861.3","861.3","861.3"
"487500","857.1","857.1","857.1","856.4","856.4","856.4","841.2","841.2","841.2","880.4","880.4","880.4","841.6","841.6","841.6","841.5","841.5","841.5","855.6","855.6","855.6","879.6","879.6","879.6","879.4","879.4","879.4"
"490000","806.6","806.6","806.6","806.5","806.5","806.5","845.8","845.8","845.8","843.5","843.5","843.5","850.2","850.2","850.2","850.4","850.4","850.4","804.7","804.7","804.7","841.5","841.5","841.5","842.7","842.7","842.7"
"492500","805.4","805.4","805.4","800.5","800.5","800.5","886","886","886","816.6","816.6","816.6","884.7","884.7","884.7","887.1","887.1","887.1","803.8","803.8","803.8","813","813","813","816.2","816.2","816.2"
"495000","870.2","870.2","870.2","869.3","869.3","869.3","883.6","883.6","883.6","835.6","835.6","835.6","881.1","881.1","881.1","884.5","884.5","884.5","871.6","871.6","871.6","835.5","835.5","835.5","835.3","835.3","835.3"
"497500","877.4","877.4","877.4","875.2","875.2","875.2","773.3","773.3","773.3","824.6","824.6","824.6","773.8","773.8","773.8","774.8","774.8","774.8","874.5","874.5","874.5","824.8","824.8","824.8","822.5","822.5","822.5"
"500000","891.2","891.2","891.2","891","891","891","794.8","794.8","794.8","875.1","875.1","875.1","798.7","798.7","798.7","799.6","799.6","799.6","889","889","889","875.9","875.9","875.9","873.8","873.8","873.8"
"502500","832.5","832.5","832.5","830.2","830.2","830.2","845.7","845.7","845.7","827.5","827.5","827.5","844.7","844.7","844.7","847.1","847.1","847.1","831.5","831.5","831.5","825.3","825.3","825.3","824.7","824.7","824.7"
"505000","837.8","837.8","837.8","838.4","838.4","838.4","906.2","906.2","906.2","857.9","857.9","857.9","906.4","906.4","906.4","906.5","906.5","906.5","835.3","835.3","835.3","857.8","857.8","857.8","857","857","857"
"507500","813.1","813.1","813.1","812.7","812.7","812.7","866.7","866.7","866.7","862","862","862","868.4","868.4","868.4","868.5","868.5","868.5","808.8","808.8","808.8","861.7","861.7","861.7","861.7","861.7","861.7"
"510000","836.7","836.7","836.7","837.4","837.4","837.4","806.5","806.5","806.5","851.9","851.9","851.9","807.7","807.7","807.7","807.5","807.5","807.5","838.1","838.1","838.1","850.3","850.3","850.3","850.6","850.6","850.6"
"512500","786.3","786.3","786.3","784.7","784.7","784.7","780.3","780.3","780.3","851.7","851.7","851.7","782.6","782.6","782.6","782","782","782","785.9","785.9","785.9","850.2","850.2","850.2","851","851","851"
"515000","891.6","891.6","891.6","890.2","890.2","890.2","840.6","840.6","840.6","797.4","797.4","797.4","841.3","841.3","841.3","840.3","840.3","840.3","890.7","890.7","890.7","797.9","797.9","797.9","797.3","797.3","797.3"
"517500","885.7","885.7","885.7","884.6","884.6","884.6","806","806","806","885.5","885.5","885.5","807.6","807.6","807.6","807.1","807.1","807.1","883.4","883.4","883.4","883.8","883.8","883.8","883.4","883.4","883.4"
"520000","866.7","866.7","866.7","866","866","866","853.4","853.4","853.4","910","910","910","855.9","855.9","855.9","856.3","856.3","856.3","866.2","866.2","866.2","909.5","909.5","909.5","909.4","909.4","909.4"
"522500","871.7","871.7","871.7","870.2","870.2","870.2","808.4","808.4","808.4","849.7","849.7","849.7","808.8","808.8","808.8","808","808","808","871.5","871.5","871.5","846.7","846.7","846.7","849.1","849.1","849.1"
"525000","870.7","870.7","870.7","869.5","869.5","869.5","816.4","816.4","816.4","862.4","862.4","862.4","816.1","816.1","816.1","816.2","816.2","816.2","869.6","869.6","869.6","861.5","861.5","861.5","861.5","861.5","861.5"
"527500","840.9","840.9","840.9","839.2","839.2","839.2","853.2","853.2","853.2","853.8","853.8","853.8","851.7","851.7","851.7","852.9","852.9","852.9","840.4","840.4","840.4","851.4","851.4","851.4","853.4","853.4","853.4"
"530000","863.6","863.6","863.6","857.9","857.9","857.9","896","896","896","867.7","867.7","867.7","896.6","896.6","896.6","896.6","896.6","896.6","854.9","854.9","854.9","865.4","865.4","865.4","866.3","866.3","866.3"
"532500","809.4","809.4","809.4","805.9","805.9","805.9","777.2","777.2","777.2","845.4","845.4","845.4","778","778","778","780.6","780.6","780.6","804","804","804","843.5","843.5","843.5","843.9","843.9","843.9"
"535000","870.7","870.7","870.7","869.5","869.5","869.5","875.1","875.1","875.1","889.7","889.7","889.7","873","873","873","875.2","875.2","875.2","870","870","870","888.3","888.3","888.3","889","889","889"
"537500","822.4","822.4","822.4","815.1","815.1","815.1","802.4","802.4","802.4","887.6","887.6","887.6","801.8","801.8","801.8","803.7","803.7","803.7","818.5","818.5","818.5","887.9","887.9","887.9","887.7","887.7","887.7"
"540000","856.8","856.8","856.8","852.6","852.6","852.6","817.9","817.9","817.9","835.4","835.4","835.4","818.3","818.3","818.3","818.3","818.3","818.3","855.3","855.3","855.3","835.5","835.5","835.5","834.5","834.5","834.5"
"542500","819.3","819.3","819.3","818.9","818.9","818.9","826.2","826.2","826.2","882.8","882.8","882.8","828.2","828.2","828.2","828.5","828.5","828.5","818.2","818.2","818.2","881.7","881.7","881.7","881.7","881.7","881.7"
"545000","853.2","853.2","853.2","851.6","851.6","851.6","826.3","826.3","826.3","914.3","914.3","914.3","827","827","827","828.2","828.2","828.2","853.1","853.1","853.1","911.5","911.5","911.5","913.4","913.4","913.4"
"547500","808.5","808.5","808.5","805.5","805.5","805.5","810.5","810.5","810.5","870.5","870.5","870.5","808.3","808.3","808.3","818","818","818","807.7","807.7","807.7","870.3","870.3","870.3","866.8","866.8","866.8"
"550000","884.7","884.7","884.7","887.5","887.5","887.5","845.7","845.7","845.7","836.1","836.1","836.1","841.3","841.3","841.3","843.3","843.3","843.3","885.5","885.5","885.5","834.2","834.2","834.2","834.7","834.7","834.7"
"552500","832.4","832.4","832.4","831.1","831.1","831.1","857.1","857.1","857.1","876.3","876.3","876.3","855.9","855.9","855.9","857.5","857.5","857.5","829.9","829.9","829.9","881","881","881","875.2","875.2","875.2"
"555000","781.9","781.9","781.9","783.7","783.7","783.7","810.5","810.5","810.5","811.5","811.5","811.5","813.5","813.5","813.5","814.5","814.5","814.5","782.2","782.2","782.2","812.1","812.1","812.1","812","812","812"
"557500","867.5","867.5","867.5","865.1","865.1","865.1","863.3","863.3","863.3","888.8","888.8","888.8","861.6","861.6","861.6","859.3","859.3","859.3","865.5","865.5","865.5","889","889","889","888","888","888"
"560000","820.4","820.4","820.4","819.7","819.7","819.7","817.5","817.5","817.5","839.8","839.8","839.8","818.1","818.1","818.1","818.6","818.6","818.6","819.4","819.4","819.4","837.8","837.8","837.8","838.5","838.5","838.5"
"562500","825.2","825.2","825.2","824.2","824.2","824.2","772.2","772.2","772.2","868.3","868.3","868.3","773.9","773.9","773.9","773.3","773.3","773.3","824.5","824.5","824.5","868.7","868.7","868.7","868.6","868.6","868.6"
"565000","881.2","881.2","881.2","880.2","880.2","880.2","850.3","850.3","850.3","869.5","869.5","869.5","851.7","851.7","851.7","851","851","851","878.7","878.7","878.7","866.3","866.3","866.3","863.9","863.9","863.9"
"567500","862.9","862.9","862.9","860.1","860.1","860.1","822.4","822.4","822.4","827.1","827.1","827.1","820.5","820.5","820.5","823.8","823.8","823.8","859.4","859.4","859.4","826.5","826.5","826.5","827","827","827"
"570000","866.2","866.2","866.2","865.4","865.4","865.4","815.9","815.9","815.9","807.2","807.2","807.2","817","817","817","818.6","818.6","818.6","865.2","865.2","865.2","808.8","808.8","808.8","804.4","804.4","804.4"
"572500","870.9","870.9","870.9","870.1","870.1","870.1","878.4","878.4","878.4","857.3","857.3","857.3","879.7","879.7","879.7","878.8","878.8","878.8","869.3","869.3","869.3","855.7","855.7","855.7","855.8","855.8","855.8"
"575000","867","867","867","865","865","865","873.4","873.4","873.4","878.9","878.9","878.9","872.8","872.8","872.8","876","876","876","866.2","866.2","866.2","875.8","875.8","875.8","871.4","871.4","871.4"
"577500","868.7","868.7","868.7","866.9","866.9","866.9","849.4","849.4","849.4","852.1","852.1","852.1","850.4","850.4","850.4","850.9","850.9","850.9","868.3","868.3","868.3","848.6","848.6","848.6","851.7","851.7","851.7"
"580000","842","842","842","837.2","837.2","837.2","817.7","817.7","817.7","853.9","853.9","853.9","817.3","817.3","817.3","818.2","818.2","818.2","837.3","837.3","837.3","853.5","853.5","853.5","852.2","852.2","852.2"
"582500","842.6","842.6","842.6","838","838","838","861.3","861.3","861.3","832.6","832.6","832.6","861.5","861.5","861.5","862.2","862.2","862.2","842","842","842","832","832","832","832.5","832.5","832.5"
"585000","809.7","809.7","809.7","806.1","806.1","806.1","874.5","874.5","874.5","850.5","850.5","850.5","873.8","873.8","873.8","879.6","879.6","879.6","808","808","808","850.2","850.2","850.2","848.4","848.4","848.4"
"587500","831","831","831","830.3","830.3","830.3","788.6","788.6","788.6","856.2","856.2","856.2","789.3","789.3","789.3","789.9","789.9","789.9","828.4","828.4","828.4","854.6","854.6","854.6","855","855","855"
"590000","878.5","878.5","878.5","876.3","876.3","876.3","833.7","833.7","833.7","886.4","886.4","886.4","834.7","834.7","834.7","836.6","836.6","836.6","874.8","874.8","874.8","884.4","884.4","884.4","885","885","885"
"592500","856.1","856.1","856.1","854.7","854.7","854.7","893.2","893.2","893.2","819.5","819.5","819.5","894","894","894","895.8","895.8","895.8","856.2","856.2","856.2","818.5","818.5","818.5","815.3","815.3","815.3"
"595000","847.4","847.4","847.4","844.1","844.1","844.1","853.7","853.7","853.7","843.6","843.6","843.6","856.3","856.3","856.3","855.7","855.7","855.7","846.6","846.6","846.6","840.1","840.1","840.1","842.3","842.3","842.3"
"597500","876.7","876.7","876.7","875.8","875.8","875.8","811.8","811.8","811.8","826.1","826.1","826.1","808.1","808.1","808.1","811.7","811.7","811.7","876.5","876.5","876.5","825.7","825.7","825.7","826.2","826.2","826.2"
"600000","797.5","797.5","797.5","794.8","794.8","794.8","821.1","821.1","821.1","813.8","813.8","813.8","824.1","824.1","824.1","826.6","826.6","826.6","793.2","793.2","793.2","813.9","813.9","813.9","812.3","812.3","812.3"
"602500","837.2","837.2","837.2","834.6","834.6","834.6","844.5","844.5","844.5","847.4","847.4","847.4","845","845","845","844.6","844.6","844.6","831.6","831.6","831.6","849.4","849.4","849.4","846.9","846.9","846.9"
"605000","803.5","803.5","803.5","801.9","801.9","801.9","861.4","861.4","861.4","827.6","827.6","827.6","863.4","863.4","863.4","863.2","863.2","863.2","801.6","801.6","801.6","830.1","830.1","830.1","826.9","826.9","826.9"
"607500","815.3","815.3","815.3","813.6","813.6","813.6","828.8","828.8","828.8","825.9","825.9","825.9","830.7","830.7","830.7","830.4","830.4","830.4","812","812","812","825.3","825.3","825.3","823.9","823.9","823.9"
"610000","853.9","853.9","853.9","853.1","853.1","853.1","879.1","879.1","879.1","838.4","838.4","838.4","879.4","879.4","879.4","879.7","879.7","879.7","853.4","853.4","853.4","836.3","836.3","836.3","837.6","837.6","837.6"
"612500","864.8","864.8","864.8","863.4","863.4","863.4","853.5","853.5","853.5","845.2","845.2","845.2","853","853","853","852.3","852.3","852.3","862.8","862.8","862.8","843.6","843.6","843.6","842.2","842.2","842.2"
"615000","823.5","823.5","823.5","822.8","822.8","822.8","823.3","823.3","823.3","856.8","856.8","856.8","823.1","823.1","823.1","824.5","824.5","824.5","822.2","822.2","822.2","857.1","857.1","857.1","856.1","856.1","856.1"
"617500","846","846","846","844.1","844.1","844.1","838.4","838.4","838.4","894.5","894.5","894.5","837.8","837.8","837.8","839.9","839.9","839.9","845.2","845.2","845.2","894.1","894.1","894.1","894.1","894.1","894.1"
"620000","880.8","880.8","880.8","879.4","879.4","879.4","888.7","888.7","888.7","868","868","868","890.1","890.1","890.1","890.6","890.6","890.6","880","880","880","865.3","865.3","865.3","866.4","866.4","866.4"
"622500","869.5","869.5","869.5","870.1","870.1","870.1","867.5","867.5","867.5","874.7","874.7","874.7","866.6","866.6","866.6","868.1","868.1","868.1","869.2","869.2","869.2","874.8","874.8","874.8","872.2","872.2","872.2"
"625000","834.1","834.1","834.1","833.8","833.8","833.8","864.5","864.5","864.5","883.9","883.9","883.9","863","863","863","864.6","864.6","864.6","833.3","833.3","833.3","883.6","883.6","883.6","881.1","881.1","881.1"
"627500","871.1","871.1","871.1","869.3","869.3","869.3","783.3","783.3","783.3","860.4","860.4","860.4","783.6","783.6","783.6","783.4","783.4","783.4","870.8","870.8","870.8","859.2","859.2","859.2","859.2","859.2","859.2"
"630000","825.6","825.6","825.6","823.9","823.9","823.9","814.8","814.8","814.8","845.8","845.8","845.8","819.1","819.1","819.1","819","819","819","824.7","824.7","824.7","843.1","843.1","843.1","845.1","845.1","845.1"
"632500","837.1","837.1","837.1","834.2","834.2","834.2","802.5","802.5","802.5","770.4","770.4","770.4","799.1","799.1","799.1","804.1","804.1","804.1","833.2","833.2","833.2","769.7","769.7","769.7","770.5","770.5","770.5"
"635000","857.2","857.2","857.2","855.5","855.5","855.5","850.9","850.9","850.9","838.9","838.9","838.9","851.5","851.5","851.5","851.4","851.4","851.4","855.5","855.5","855.5","836.9","836.9","836.9","841.2","841.2","841.2"
"637500","830.3","830.3","830.3","830.2","830.2","830.2","827.5","827.5","827.5","834.7","834.7","834.7","827.2","827.2","827.2","826.9","826.9","826.9","827.7","827.7","827.7","833.3","833.3","833.3","834","834","834"
"640000","862.3","862.3","862.3","861.3","861.3","861.3","866.2","866.2","866.2","823.8","823.8","823.8","868.2","868.2","868.2","868.6","868.6","868.6","861.4","861.4","861.4","825","825","825","817.4","817.4","817.4"
"642500","814.9","814.9","814.9","813.9","813.9","813.9","839.8","839.8","839.8","775.3","775.3","775.3","838.7","838.7","838.7","840.5","840.5","840.5","812.6","812.6","812.6","773.8","773.8","773.8","776.3","776.3","776.3"
"645000","880.6","880.6","880.6","877.9","877.9","877.9","842.1","842.1","842.1","842.6","842.6","842.6","841","841","841","842.7","842.7","842.7","879.7","879.7","879.7","842.4","842.4","842.4","839.3","839.3","839.3"
"647500","820.5","820.5","820.5","820.3","820.3","820.3","832.9","832.9","832.9","883.7","883.7","883.7","828","828","828","833.9","833.9","833.9","818.8","818.8","818.8","883.2","883.2","883.2","883.4","883.4","883.4"
"650000","860.6","860.6","860.6","859.6","859.6","859.6","848.2","848.2","848.2","878.8","878.8","878.8","847.9","847.9","847.9","847.9","847.9","847.9","858.9","858.9","858.9","877.3","877.3","877.3","878.9","878.9","878.9"
"652500","844","844","844","841.7","841.7","841.7","825.6","825.6","825.6","846.4","846.4","846.4","830.1","830.1","830.1","832.9","832.9","832.9","842.1","842.1","842.1","845.7","845.7","845.7","846.3","846.3","846.3"
"655000","840.6","840.6","840.6","840.1","840.1","840.1","908.4","908.4","908.4","865.5","865.5","865.5","909","909","909","909.8","909.8","909.8","840.8","840.8","840.8","862.5","862.5","862.5","864.5","864.5","864.5"
"657500","841.5","841.5","841.5","839.4","839.4","839.4","879.2","879.2","879.2","888.3","888.3","888.3","877.2","877.2","877.2","879.8","879.8","879.8","838.3","838.3","838.3","890.9","890.9","890.9","891","891","891"
"660000","872.4","872.4","872.4","871.4","871.4","871.4","828.5","828.5","828.5","788.3","788.3","788.3","828.3","828.3","828.3","825.3","825.3","825.3","871.7","871.7","871.7","781.8","781.8","781.8","780.7","780.7","780.7"
"662500","784.5","784.5","784.5","784.1","784.1","784.1","825.1","825.1","825.1","867","867","867","828.5","828.5","828.5","829.9","829.9","829.9","787","787","787","867.1","867.1","867.1","869.7","869.7","869.7"
"665000","916.2","916.2","916.2","914.6","914.6","914.6","874.8","874.8","874.8","858.4","858.4","858.4","871.2","871.2","871.2","874.3","874.3","874.3","914.7","914.7","914.7","856.6","856.6","856.6","855.5","855.5","855.5"
"667500","854.3","854.3","854.3","854.1","854.1","854.1","831.7","831.7","831.7","856.4","856.4","856.4","830.1","830.1","830.1","829.9","829.9","829.9","853.7","853.7","853.7","849.5","849.5","849.5","856","856","856"
"670000","847.3","847.3","847.3","846.6","846.6","846.6","849.6","849.6","849.6","799","799","799","849.4","849.4","849.4","853.2","853.2","853.2","847.3","847.3","847.3","799.3","799.3","799.3","799","799","799"
"672500","869.7","869.7","869.7","865.5","865.5","865.5","871.4","871.4","871.4","876.8","876.8","876.8","870.9","870.9","870.9","872.6","872.6","872.6","865.6","865.6","865.6","876.2","876.2","876.2","872.5","872.5","872.5"
"675000","872","872","872","870.3","870.3","870.3","804","804","804","829.7","829.7","829.7","804.3","804.3","804.3","804.7","804.7","804.7","870.2","870.2","870.2","829.6","829.6","829.6","829.1","829.1","829.1"
"677500","850.1","850.1","850.1","848.2","848.2","848.2","812.3","812.3","812.3","896.3","896.3","896.3","816.3","816.3","816.3","818.9","818.9","818.9","850.1","850.1","850.1","895","895","895","895.4","895.4","895.4"
"680000","884","884","884","885.2","885.2","885.2","884","884","884","826.1","826.1","826.1","880.9","880.9","880.9","884.3","884.3","884.3","882.2","882.2","882.2","825.1","825.1","825.1","822.7","822.7","822.7"
"682500","849.9","849.9","849.9","841.5","841.5","841.5","830.3","830.3","830.3","850.1","850.1","850.1","830.7","830.7","830.7","834","834","834","847.8","847.8","847.8","851.3","851.3","851.3","849.1","849.1","849.1"
"685000","802.9","802.9","802.9","801.3","801.3","801.3","882.5","882.5","882.5","795.3","795.3","795.3","884.8","884.8","884.8","884.8","884.8","884.8","803.1","803.1","803.1","794.4","794.4","794.4","795.3","795.3","795.3"
"687500","819","819","819","818.9","818.9","818.9","829.1","829.1","829.1","802.8","802.8","802.8","828","828","828","831.9","831.9","831.9","818.5","818.5","818.5","801.6","801.6","801.6","802.9","802.9","802.9"
"690000","888.4","888.4","888.4","890","890","890","883","883","883","850.1","850.1","850.1","881.1","881.1","881.1","883.7","883.7","883.7","888.5","888.5","888.5","850","850","850","849.4","849.4","849.4"
"692500","843.2","843.2","843.2","839.5","839.5","839.5","826.6","826.6","826.6","867.2","867.2","867.2","825.5","825.5","825.5","827.8","827.8","827.8","840.8","840.8","840.8","867.5","867.5","867.5","866.9","866.9","866.9"
"695000","854.9","854.9","854.9","852.2","852.2","852.2","806.3","806.3","806.3","809.6","809.6","809.6","806.9","806.9","806.9","806.2","806.2","806.2","853","853","853","808.9","808.9","808.9","809.6","809.6","809.6"
"697500","830.3","830.3","830.3","829.8","829.8","829.8","828.7","828.7","828.7","806","806","806","830.6","830.6","830.6","832.3","832.3","832.3","830.6","830.6","830.6","805.2","805.2","805.2","803.8","803.8","803.8"
"700000","815.9","815.9","815.9","816.3","816.3","816.3","770.2","770.2","770.2","796.8","796.8","796.8","770.1","770.1","770.1","772.3","772.3","772.3","815.7","815.7","815.7","795.3","795.3","795.3","798","798","798"
"702500","826","826","826","818.5","818.5","818.5","852.3","852.3","852.3","827.5","827.5","827.5","852.9","852.9","852.9","852.8","852.8","852.8","825.8","825.8","825.8","827.3","827.3","827.3","823.3","823.3","823.3"
"705000","869.9","869.9","869.9","869.3","869.3","869.3","895.9","895.9","895.9","781.2","781.2","781.2","897.5","897.5","897.5","898.9","898.9","898.9","869","869","869","779.2","779.2","779.2","780.6","780.6","780.6"
"707500","807.4","807.4","807.4","806.3","806.3","806.3","845.5","845.5","845.5","865","865","865","845.8","845.8","845.8","845.6","845.6","845.6","805.6","805.6","805.6","865.2","865.2","865.2","865.1","865.1","865.1"
"710000","853.8","853.8","853.8","851.2","851.2","851.2","864.7","864.7","864.7","808.4","808.4","808.4","868.8","868.8","868.8","868.7","868.7","868.7","852.8","852.8","852.8","807.4","807.4","807.4","807.3","807.3","807.3"
"712500","823.6","823.6","823.6","823.6","823.6","823.6","838.1","838.1","838.1","822.5","822.5","822.5","838.8","838.8","838.8","832.2","832.2","832.2","823.8","823.8","823.8","820.9","820.9","820.9","821.6","821.6","821.6"
"715000","858.7","858.7","858.7","857.5","857.5","857.5","892.6","892.6","892.6","862.4","862.4","862.4","893","893","893","893.2","893.2","893.2","855.8","855.8","855.8","862.1","862.1","862.1","861.3","861.3","861.3"
"717500","851.3","851.3","851.3","848.7","848.7","848.7","840.5","840.5","840.5","877.4","877.4","877.4","841.8","841.8","841.8","844","844","844","851.1","851.1","851.1","876.7","876.7","876.7","876.9","876.9","876.9"
"720000","794","794","794","793.7","793.7","793.7","872.6","872.6","872.6","879.1","879.1","879.1","874.7","874.7","874.7","875.6","875.6","875.6","792.9","792.9","792.9","878.4","878.4","878.4","878.5","878.5","878.5"
"722500","872.5","872.5","872.5","869.5","869.5","869.5","844.7","844.7","844.7","849","849","849","844.2","844.2","844.2","847","847","847","873.6","873.6","873.6","846.1","846.1","846.1","845.7","845.7","845.7"
"725000","844.2","844.2","844.2","843.5","843.5","843.5","820.1","820.1","820.1","855.6","855.6","855.6","819","819","819","820.6","820.6","820.6","843.8","843.8","843.8","854","854","854","852.9","852.9","852.9"
"727500","794.4","794.4","794.4","792.6","792.6","792.6","815.7","815.7","815.7","836.7","836.7","836.7","817.3","817.3","817.3","817.3","817.3","817.3","794.5","794.5","794.5","837.1","837.1","837.1","836","836","836"
"730000","814","814","814","813.5","813.5","813.5","839.7","839.7","839.7","839.3","839.3","839.3","841.1","841.1","841.1","840.3","840.3","840.3","814.3","814.3","814.3","841","841","841","837.9","837.9","837.9"
"732500","857.1","857.1","857.1","854.5","854.5","854.5","795.3","795.3","795.3","829.2","829.2","829.2","799","799","799","800.7","800.7","800.7","852.1","852.1","852.1","828.5","828.5","828.5","827.6","827.6","827.6"
"735000","830.9","830.9","830.9","830.6","830.6","830.6","786.9","786.9","786.9","844.1","844.1","844.1","787.6","787.6","787.6","789.8","789.8","789.8","830.9","830.9","830.9","844.1","844.1","844.1","841.1","841.1","841.1"
"737500","798.2","798.2","798.2","794.8","794.8","794.8","821.3","821.3","821.3","846.4","846.4","846.4","821.5","821.5","821.5","822.5","822.5","822.5","794.7","794.7","794.7","845.2","845.2","845.2","846","846","846"
"740000","798.4","798.4","798.4","798.2","798.2","798.2","824.8","824.8","824.8","905.2","905.2","905.2","825.3","825.3","825.3","824.8","824.8","824.8","798","798","798","904.6","904.6","904.6","904.8","904.8","904.8"
"742500","860.4","860.4","860.4","859.3","859.3","859.3","847.3","847.3","847.3","854.4","854.4","854.4","846.3","846.3","846.3","847.9","847.9","847.9","858.7","858.7","858.7","854.3","854.3","854.3","856","856","856"
"745000","870.8","870.8","870.8","870.3","870.3","870.3","875.9","875.9","875.9","855.1","855.1","855.1","876.2","876.2","876.2","876.6","876.6","876.6","869.1","869.1","869.1","855.3","855.3","855.3","853.6","853.6","853.6"
"747500","850.8","850.8","850.8","849.6","849.6","849.6","894.8","894.8","894.8","836","836","836","895.5","895.5","895.5","895.5","895.5","895.5","849.7","849.7","849.7","835","835","835","835.2","835.2","835.2"
"750000","829.1","829.1","829.1","828.2","828.2","828.2","846.6","846.6","846.6","805.2","805.2","805.2","846.9","846.9","846.9","846.7","846.7","846.7","826","826","826","805","805","805","805.7","805.7","805.7"
"752500","868.3","868.3","868.3","866.3","866.3","866.3","878.6","878.6","878.6","818.4","818.4","818.4","878.3","878.3","878.3","878.7","878.7","878.7","867.1","867.1","867.1","818.2","818.2","818.2","818.9","818.9","818.9"
"755000","797.6","797.6","797.6","796.6","796.6","796.6","842.9","842.9","842.9","801.3","801.3","801.3","842.1","842.1","842.1","843.7","843.7","843.7","797.7","797.7","797.7","799.1","799.1","799.1","796.7","796.7","796.7"
"757500","845.3","845.3","845.3","842.3","842.3","842.3","822","822","822","842.3","842.3","842.3","825.5","825.5","825.5","826.8","826.8","826.8","843.7","843.7","843.7","842.4","842.4","842.4","840.3","840.3","840.3"
"760000","895.9","895.9","895.9","893","893","893","851.4","851.4","851.4","804.1","804.1","804.1","850.4","850.4","850.4","851.3","851.3","851.3","897.1","897.1","897.1","804.7","804.7","804.7","801.4","801.4","801.4"
"762500","880.4","880.4","880.4","877.7","877.7","877.7","904.5","904.5","904.5","888.5","888.5","888.5","904.8","904.8","904.8","904.8","904.8","904.8","879.9","879.9","879.9","886.7","886.7","886.7","887.9","887.9","887.9"
"765000","858.8","858.8","858.8","857.9","857.9","857.9","835.9","835.9","835.9","868.7","868.7","868.7","838.7","838.7","838.7","841.3","841.3","841.3","858","858","858","867.9","867.9","867.9","867.5","867.5","867.5"
"767500","850.6","850.6","850.6","849.2","849.2","849.2","874.2","874.2","874.2","852.4","852.4","852.4","874.3","874.3","874.3","874.5","874.5","874.5","849.4","849.4","849.4","849.9","849.9","849.9","851.1","851.1","851.1"
"770000","824.1","824.1","824.1","823.6","823.6","823.6","828.8","828.8","828.8","850.8","850.8","850.8","829","829","829","830.5","830.5","830.5","823.8","823.8","823.8","850.9","850.9","850.9","850.1","850.1","850.1"
"772500","822.7","822.7","822.7","822.1","822.1","822.1","812.1","812.1","812.1","836.7","836.7","836.7","812","812","812","812","812","812","819.1","819.1","819.1","839.9","839.9","839.9","839.2","839.2","839.2"
"775000","840.3","840.3","840.3","838.7","838.7","838.7","824.5","824.5","824.5","824.6","824.6","824.6","823.9","823.9","823.9","826.7","826.7","826.7","839.8","839.8","839.8","824.8","824.8","824.8","823.4","823.4","823.4"
"777500","841.9","841.9","841.9","840.8","840.8","840.8","873.9","873.9","873.9","835.1","835.1","835.1","874.1","874.1","874.1","873.8","873.8","873.8","838.9","838.9","838.9","834.7","834.7","834.7","832.4","832.4","832.4"
"780000","828.8","828.8","828.8","826.5","826.5","826.5","776.9","776.9","776.9","","","","774.5","774.5","774.5","779.4","779.4","779.4","827.7","827.7","827.7","794.6","794.6","794.6","793","793","793"
"782500","806.1","806.1","806.1","803.2","803.2","803.2","855.3","855.3","855.3","","","","859.2","859.2","859.2","859.3","859.3","859.3","805.1","805.1","805.1","781.1","781.1","781.1","782.1","782.1","782.1"
"785000","793.8","793.8","793.8","791.8","791.8","791.8","846.7","846.7","846.7","","","","846.7","846.7","846.7","847.3","847.3","847.3","793.2","793.2","793.2","877.5","877.5","877.5","876.7","876.7","876.7"
"787500","886.5","886.5","886.5","885.6","885.6","885.6","858.5","858.5","858.5","","","","858","858","858","858.3","858.3","858.3","886.1","886.1","886.1","804.9","804.9","804.9","806.9","806.9","806.9"
"790000","836.3","836.3","836.3","835.7","835.7","835.7","833.4","833.4","833.4","","","","836.7","836.7","836.7","839.6","839.6","839.6","835.7","835.7","835.7","854.5","854.5","854.5","857","857","857"
"792500","892.5","892.5","892.5","887.7","887.7","887.7","903.3","903.3","903.3","","","","902.7","902.7","902.7","904.4","904.4","904.4","889.3","889.3","889.3","869.5","869.5","869.5","869.1","869.1","869.1"
"795000","827","827","827","828.3","828.3","828.3","830.5","830.5","830.5","","","","827.5","827.5","827.5","831.2","831.2","831.2","827.7","827.7","827.7","","","","877.5","877.5","877.5"
"797500","873.5","873.5","873.5","872.9","872.9","872.9","","","","","","","","","","842","842","842","873.1","873.1","873.1","","","","815.3","815.3","815.3"
"800000","852.5","852.5","852.5","855.1","855.1","855.1","","","","","","","","","","811.7","811.7","811.7","851.3","851.3","851.3","","","","870","870","870"
"802500","897.7","897.7","897.7","896.7","896.7","896.7","","","","","","","","","","","","","894.7","894.7","894.7","","","","823.1","823.1","823.1"
"805000","821.3","821.3","821.3","819.6","819.6","819.6","","","","","","","","","","","","","818.1","818.1","818.1","","","","818.5","818.5","818.5"
"807500","821","821","821","820.1","820.1","820.1","","","","","","","","","","","","","","","","","","","902.2","902.2","902.2"
"810000","758.5","758.5","758.5","758","758","758","","","","","","","","","","","","","","","","","","","857.9","857.9","857.9"
"812500","826.2","826.2","826.2","825.6","825.6","825.6","","","","","","","","","","","","","","","","","","","","",""
"815000","742.5","742.5","742.5","","","","","","","","","","","","","","","","","","","","","","","",""
"817500","891.4","891.4","891.4","","","","","","","","","","","","","","","","","","","","","","","",""
"820000","824.8","824.8","824.8","","","","","","","","","","","","","","","","","","","","","","","",""
"822500","850","850","850","","","","","","","","","","","","","","","","","","","","","","","",""